{"cameraMode":{"drawMode":1,"name":"Wireframe","section":"Shading Mode"},"sceneLighting":false,"audioPlay":false,"sceneViewState":{"showFog":true,"showMaterialUpdate":false,"showSkybox":true,"showFlares":true,"showImageEffects":true,"showParticleSystems":true},"in2DMode":false,"pivot":{"x":-0.13365209102630616,"y":-1.8863270282745362,"z":0.3361330032348633},"rotation":{"x":-0.004517899360507727,"y":0.9952150583267212,"z":-0.07959715276956558,"w":-0.05648844689130783},"size":4.436161994934082,"orthographic":false}