{"cameraMode":{"drawMode":1,"name":"Wireframe","section":"Shading Mode"},"sceneLighting":false,"audioPlay":false,"sceneViewState":{"showFog":true,"showMaterialUpdate":false,"showSkybox":true,"showFlares":true,"showImageEffects":true,"showParticleSystems":true},"in2DMode":false,"pivot":{"x":0.7058899402618408,"y":-0.37529462575912478,"z":-0.54050213098526},"rotation":{"x":-0.08131849020719528,"y":0.7576617002487183,"z":-0.09621256589889527,"w":-0.6403743028640747},"size":2.8578836917877199,"orthographic":false}