{"cameraMode":{"drawMode":1,"name":"Wireframe","section":"Shading Mode"},"sceneLighting":true,"audioPlay":false,"sceneViewState":{"showFog":true,"showMaterialUpdate":false,"showSkybox":true,"showFlares":true,"showImageEffects":true,"showParticleSystems":true},"in2DMode":false,"pivot":{"x":0.02618718147277832,"y":0.8371286392211914,"z":-0.0926131010055542},"rotation":{"x":-0.004517899360507727,"y":0.9952150583267212,"z":-0.07959715276956558,"w":-0.05648844689130783},"size":3.246474027633667,"orthographic":false}