{"cameraMode":{"drawMode":1,"name":"Wireframe","section":"Shading Mode"},"sceneLighting":false,"audioPlay":false,"sceneViewState":{"showFog":true,"showMaterialUpdate":false,"showSkybox":true,"showFlares":true,"showImageEffects":true,"showParticleSystems":true},"in2DMode":false,"pivot":{"x":3.764124870300293,"y":-0.908001184463501,"z":-0.28079986572265627},"rotation":{"x":-0.004517899360507727,"y":0.9952150583267212,"z":-0.07959715276956558,"w":-0.05648844689130783},"size":8.92961597442627,"orthographic":false}