{"cameraMode":{"drawMode":1,"name":"Wireframe","section":"Shading Mode"},"sceneLighting":false,"audioPlay":false,"sceneViewState":{"showFog":true,"showMaterialUpdate":false,"showSkybox":true,"showFlares":true,"showImageEffects":true,"showParticleSystems":true},"in2DMode":false,"pivot":{"x":0.03999076783657074,"y":0.6654121279716492,"z":-0.03171658515930176},"rotation":{"x":-0.004517899360507727,"y":0.9952150583267212,"z":-0.07959715276956558,"w":-0.05648844689130783},"size":17.321664810180665,"orthographic":false}