{"cameraMode":{"drawMode":1,"name":"Wireframe","section":"Shading Mode"},"sceneLighting":false,"audioPlay":false,"sceneViewState":{"showFog":true,"showMaterialUpdate":false,"showSkybox":true,"showFlares":true,"showImageEffects":true,"showParticleSystems":true},"in2DMode":false,"pivot":{"x":-1.5862586498260499,"y":-2.663372039794922,"z":1.7855358123779297},"rotation":{"x":-0.009731179103255272,"y":0.9828225374221802,"z":-0.17611390352249146,"w":-0.05430620163679123},"size":13.168190956115723,"orthographic":false}