{"cameraMode":{"drawMode":1,"name":"Wireframe","section":"Shading Mode"},"sceneLighting":false,"audioPlay":false,"sceneViewState":{"showFog":true,"showMaterialUpdate":false,"showSkybox":true,"showFlares":true,"showImageEffects":true,"showParticleSystems":true},"in2DMode":false,"pivot":{"x":0.0008597373962402344,"y":0.3892568349838257,"z":-0.001226961612701416},"rotation":{"x":-0.004517899360507727,"y":0.9952150583267212,"z":-0.07959715276956558,"w":-0.05648844689130783},"size":26.799968719482423,"orthographic":false}